time,temp,m/z,abundance
0.0,30.0,0.0,3.760961e-09
0.0,30.0,1.0,5.984779e-09
0.0,30.0,2.0,2.380919e-09
0.0,30.0,3.0,4.208488e-09
0.0,30.0,4.0,2.748521e-07
0.0,30.0,5.0,4.333056e-10
0.0,30.0,6.0,6.181707e-12
0.0,30.0,7.0,7.081347e-13
0.0,30.0,8.0,1.757913e-12
0.0,30.0,9.0,3.929858e-13
0.0,30.0,10.0,4.110927e-13
0.0,30.0,11.0,5.440359e-13
0.0,30.0,12.0,6.23806e-13
0.0,30.0,13.0,1.684734e-12
0.0,30.0,14.0,7.03152e-11
0.0,30.0,15.0,4.227673e-12
0.0,30.0,16.0,8.826403e-11
0.0,30.0,17.0,1.105009e-09
0.0,30.0,18.0,4.790043e-09
0.0,30.0,19.0,1.18921e-11
0.0,30.0,20.0,9.72818e-12
0.0,30.0,21.0,4.810642e-13
0.0,30.0,22.0,3.079665e-13
0.0,30.0,23.0,4.073918e-13
0.0,30.0,24.0,3.067026e-13
0.0,30.0,25.0,3.988724e-13
0.0,30.0,26.0,1.850602e-12
0.0,30.0,27.0,2.095713e-11
0.0,30.0,28.0,1.459487e-09
0.0,30.0,29.0,1.160018e-11
0.0,30.0,30.0,2.40688e-12
0.0,30.0,31.0,7.078363e-12
0.0,30.0,32.0,4.154188e-10
0.0,30.0,33.0,1.104707e-12
0.0,30.0,34.0,2.249618e-12
0.0,30.0,35.0,3.01575e-12
0.0,30.0,36.0,8.820046e-12
0.0,30.0,37.0,1.075038e-12
0.0,30.0,38.0,3.409942e-12
0.0,30.0,39.0,5.181773e-13
0.0,30.0,40.0,1.713873e-11
0.0,30.0,41.0,2.707688e-13
0.0,30.0,42.0,2.186145e-13
0.0,30.0,43.0,2.958299e-13
0.0,30.0,44.0,3.577103e-12
0.0,30.0,45.0,2.678651e-13
0.0,30.0,46.0,1.935104e-13
0.0,30.0,47.0,2.439101e-13
0.0,30.0,48.0,3.548089e-13
0.0,30.0,49.0,1.999187e-13
0.0,30.0,50.0,2.23158e-13
0.0,30.0,51.0,2.746157e-13
0.0,30.0,52.0,1.675757e-13
0.0,30.0,53.0,1.944536e-13
0.0,30.0,54.0,2.196798e-13
0.0,30.0,55.0,1.927827e-13
0.0,30.0,56.0,2.315508e-13
0.0,30.0,57.0,2.200269e-13
0.0,30.0,58.0,1.911549e-13
0.0,30.0,59.0,1.515921e-13
0.0,30.0,60.0,2.112822e-13
0.0,30.0,61.0,2.072151e-13
0.0,30.0,62.0,1.839591e-13
0.0,30.0,63.0,1.728517e-13
0.0,30.0,64.0,4.960641e-13
0.0,30.0,65.0,2.297865e-13
0.0,30.0,66.0,2.284005e-13
0.0,30.0,67.0,1.60107e-13
0.0,30.0,68.0,2.081774e-13
0.0,30.0,69.0,1.920861e-13
0.0,30.0,70.0,2.345885e-13
0.0,30.0,71.0,1.907959e-13
0.0,30.0,72.0,2.292359e-13
0.0,30.0,73.0,2.097047e-13
0.0,30.0,74.0,1.896971e-13
0.0,30.0,75.0,1.686697e-13
0.0,30.0,76.0,1.802894e-13
0.0,30.0,77.0,2.024203e-13
0.0,30.0,78.0,2.364868e-13
0.0,30.0,79.0,1.840118e-13
0.0,30.0,80.0,1.766507e-13
0.0,30.0,81.0,1.711042e-13
0.0,30.0,82.0,2.808037e-13
0.0,30.0,83.0,2.262676e-13
0.0,30.0,84.0,1.784293e-13
0.0,30.0,85.0,1.978385e-13
0.0,30.0,86.0,1.884954e-13
0.0,30.0,87.0,1.625631e-13
0.0,30.0,88.0,2.15998e-13
0.0,30.0,89.0,1.468356e-13
0.0,30.0,90.0,1.24707e-13
0.0,30.0,91.0,1.891489e-13
0.0,30.0,92.0,2.143679e-13
0.0,30.0,93.0,1.878658e-13
0.0,30.0,94.0,1.86949e-13
0.0,30.0,95.0,1.916241e-13
0.0,30.0,96.0,1.551469e-13
0.0,30.0,97.0,1.804736e-13
0.0,30.0,98.0,1.899987e-13
0.0,30.0,99.0,2.35819e-13
5.206,30.036,0.0,3.738531e-09
5.206,30.036,1.0,5.979704e-09
5.206,30.036,2.0,2.385875e-09
5.206,30.036,3.0,4.214232e-09
5.206,30.036,4.0,2.752088e-07
5.206,30.036,5.0,4.254299e-10
5.206,30.036,6.0,6.205838e-12
5.206,30.036,7.0,9.69353e-13
5.206,30.036,8.0,2.366927e-12
5.206,30.036,9.0,5.001836e-13
5.206,30.036,10.0,3.573847e-13
5.206,30.036,11.0,4.423346e-13
5.206,30.036,12.0,6.56364e-13
5.206,30.036,13.0,1.740151e-12
5.206,30.036,14.0,6.791492e-11
5.206,30.036,15.0,4.156936e-12
5.206,30.036,16.0,9.26591e-11
5.206,30.036,17.0,1.104099e-09
5.206,30.036,18.0,4.764573e-09
5.206,30.036,19.0,9.10366e-12
5.206,30.036,20.0,1.022706e-11
5.206,30.036,21.0,4.725352e-13
5.206,30.036,22.0,3.442186e-13
5.206,30.036,23.0,3.474455e-13
5.206,30.036,24.0,3.770596e-13
5.206,30.036,25.0,4.969187e-13
5.206,30.036,26.0,1.702808e-12
5.206,30.036,27.0,2.194984e-11
5.206,30.036,28.0,1.460037e-09
5.206,30.036,29.0,1.272614e-11
5.206,30.036,30.0,2.042372e-12
5.206,30.036,31.0,6.520074e-12
5.206,30.036,32.0,4.145332e-10
5.206,30.036,33.0,1.350636e-12
5.206,30.036,34.0,1.795856e-12
5.206,30.036,35.0,3.023028e-12
5.206,30.036,36.0,9.657434e-12
5.206,30.036,37.0,1.103363e-12
5.206,30.036,38.0,3.237084e-12
5.206,30.036,39.0,5.84785e-13
5.206,30.036,40.0,1.802014e-11
5.206,30.036,41.0,2.097334e-13
5.206,30.036,42.0,2.771268e-13
5.206,30.036,43.0,2.742433e-13
5.206,30.036,44.0,3.448459e-12
5.206,30.036,45.0,2.599988e-13
5.206,30.036,46.0,2.660506e-13
5.206,30.036,47.0,2.286112e-13
5.206,30.036,48.0,4.780626e-13
5.206,30.036,49.0,2.036244e-13
5.206,30.036,50.0,1.695435e-13
5.206,30.036,51.0,1.792313e-13
5.206,30.036,52.0,2.198114e-13
5.206,30.036,53.0,1.944489e-13
5.206,30.036,54.0,1.957271e-13
5.206,30.036,55.0,1.831931e-13
5.206,30.036,56.0,2.139681e-13
5.206,30.036,57.0,2.074378e-13
5.206,30.036,58.0,1.624314e-13
5.206,30.036,59.0,2.063533e-13
5.206,30.036,60.0,1.808423e-13
5.206,30.036,61.0,1.426033e-13
5.206,30.036,62.0,1.983795e-13
5.206,30.036,63.0,2.788169e-13
5.206,30.036,64.0,8.000041e-13
5.206,30.036,65.0,2.225045e-13
5.206,30.036,66.0,2.504405e-13
5.206,30.036,67.0,1.638461e-13
5.206,30.036,68.0,2.119525e-13
5.206,30.036,69.0,1.82506e-13
5.206,30.036,70.0,2.63391e-13
5.206,30.036,71.0,1.429887e-13
5.206,30.036,72.0,2.322857e-13
5.206,30.036,73.0,1.880908e-13
5.206,30.036,74.0,1.640903e-13
5.206,30.036,75.0,2.087328e-13
5.206,30.036,76.0,1.934004e-13
5.206,30.036,77.0,2.129387e-13
5.206,30.036,78.0,2.629625e-13
5.206,30.036,79.0,1.540985e-13
5.206,30.036,80.0,1.755208e-13
5.206,30.036,81.0,1.647366e-13
5.206,30.036,82.0,2.456264e-13
5.206,30.036,83.0,1.537944e-13
5.206,30.036,84.0,1.720139e-13
5.206,30.036,85.0,2.228205e-13
5.206,30.036,86.0,2.128622e-13
5.206,30.036,87.0,2.410327e-13
5.206,30.036,88.0,1.746327e-13
5.206,30.036,89.0,2.188802e-13
5.206,30.036,90.0,1.906762e-13
5.206,30.036,91.0,2.280247e-13
5.206,30.036,92.0,1.73747e-13
5.206,30.036,93.0,2.001653e-13
5.206,30.036,94.0,2.113253e-13
5.206,30.036,95.0,1.906929e-13
5.206,30.036,96.0,1.661131e-13
5.206,30.036,97.0,2.101858e-13
5.206,30.036,98.0,2.198617e-13
5.206,30.036,99.0,1.669964e-13
10.408,30.201,0.0,3.740277e-09
10.408,30.201,1.0,5.973384e-09
10.408,30.201,2.0,2.380991e-09
10.408,30.201,3.0,4.212844e-09
10.408,30.201,4.0,2.754266e-07
10.408,30.201,5.0,4.37569e-10
10.408,30.201,6.0,6.374267e-12
10.408,30.201,7.0,8.333222e-13
10.408,30.201,8.0,2.380238e-12
10.408,30.201,9.0,4.694589e-13
10.408,30.201,10.0,3.634555e-13
10.408,30.201,11.0,3.778065e-13
10.408,30.201,12.0,5.1567e-13
10.408,30.201,13.0,1.501271e-12
10.408,30.201,14.0,6.790224e-11
10.408,30.201,15.0,4.218265e-12
10.408,30.201,16.0,9.106719e-11
10.408,30.201,17.0,1.096128e-09
10.408,30.201,18.0,4.759547e-09
10.408,30.201,19.0,9.238836e-12
10.408,30.201,20.0,8.220939e-12
10.408,30.201,21.0,4.39347e-13
10.408,30.201,22.0,3.543039e-13
10.408,30.201,23.0,4.279572e-13
10.408,30.201,24.0,4.030398e-13
10.408,30.201,25.0,5.360183e-13
10.408,30.201,26.0,1.631543e-12
10.408,30.201,27.0,2.15405e-11
10.408,30.201,28.0,1.45896e-09
10.408,30.201,29.0,1.417699e-11
10.408,30.201,30.0,2.365826e-12
10.408,30.201,31.0,6.609005e-12
10.408,30.201,32.0,4.099825e-10
10.408,30.201,33.0,1.058477e-12
10.408,30.201,34.0,2.44645e-12
10.408,30.201,35.0,2.876286e-12
10.408,30.201,36.0,8.044649e-12
10.408,30.201,37.0,9.654332e-13
10.408,30.201,38.0,2.769114e-12
10.408,30.201,39.0,4.991741e-13
10.408,30.201,40.0,1.70413e-11
10.408,30.201,41.0,2.637477e-13
10.408,30.201,42.0,2.504764e-13
10.408,30.201,43.0,3.461481e-13
10.408,30.201,44.0,3.322758e-12
10.408,30.201,45.0,2.648035e-13
10.408,30.201,46.0,1.949659e-13
10.408,30.201,47.0,1.96e-13
10.408,30.201,48.0,3.956309e-13
10.408,30.201,49.0,2.175373e-13
10.408,30.201,50.0,3.153204e-13
10.408,30.201,51.0,1.688205e-13
10.408,30.201,52.0,1.631998e-13
10.408,30.201,53.0,2.118855e-13
10.408,30.201,54.0,1.763707e-13
10.408,30.201,55.0,1.918156e-13
10.408,30.201,56.0,2.074689e-13
10.408,30.201,57.0,1.265e-13
10.408,30.201,58.0,1.984298e-13
10.408,30.201,59.0,1.603679e-13
10.408,30.201,60.0,1.884834e-13
10.408,30.201,61.0,1.672095e-13
10.408,30.201,62.0,2.337459e-13
10.408,30.201,63.0,2.504764e-13
10.408,30.201,64.0,4.761629e-13
10.408,30.201,65.0,1.766986e-13
10.408,30.201,66.0,2.50103e-13
10.408,30.201,67.0,2.261958e-13
10.408,30.201,68.0,1.769763e-13
10.408,30.201,69.0,1.955931e-13
10.408,30.201,70.0,1.933309e-13
10.408,30.201,71.0,1.878132e-13
10.408,30.201,72.0,2.620649e-13
10.408,30.201,73.0,1.618186e-13
10.408,30.201,74.0,1.825348e-13
10.408,30.201,75.0,1.557981e-13
10.408,30.201,76.0,2.88227e-13
10.408,30.201,77.0,1.382825e-13
10.408,30.201,78.0,1.541799e-13
10.408,30.201,79.0,2.240773e-13
10.408,30.201,80.0,1.880214e-13
10.408,30.201,81.0,2.340618e-13
10.408,30.201,82.0,1.661203e-13
10.408,30.201,83.0,1.980779e-13
10.408,30.201,84.0,1.483365e-13
10.408,30.201,85.0,1.900107e-13
10.408,30.201,86.0,2.381649e-13
10.408,30.201,87.0,2.248576e-13
10.408,30.201,88.0,1.458517e-13
10.408,30.201,89.0,1.667403e-13
10.408,30.201,90.0,1.734669e-13
10.408,30.201,91.0,2.634102e-13
10.408,30.201,92.0,1.996434e-13
10.408,30.201,93.0,2.379734e-13
10.408,30.201,94.0,1.848592e-13
10.408,30.201,95.0,1.898838e-13
10.408,30.201,96.0,1.729595e-13
10.408,30.201,97.0,1.926607e-13
10.408,30.201,98.0,1.763132e-13
10.408,30.201,99.0,1.76531e-13
15.603,30.377,0.0,3.749565e-09
15.603,30.377,1.0,5.964025e-09
15.603,30.377,2.0,2.387287e-09
15.603,30.377,3.0,4.209253e-09
15.603,30.377,4.0,2.751203e-07
15.603,30.377,5.0,4.286233e-10
15.603,30.377,6.0,6.541212e-12
15.603,30.377,7.0,8.452739e-13
15.603,30.377,8.0,2.267536e-12
15.603,30.377,9.0,5.260897e-13
15.603,30.377,10.0,4.588409e-13
15.603,30.377,11.0,3.794822e-13
15.603,30.377,12.0,7.489695e-13
15.603,30.377,13.0,1.679899e-12
15.603,30.377,14.0,6.750916e-11
15.603,30.377,15.0,4.718194e-12
15.603,30.377,16.0,9.015515e-11
15.603,30.377,17.0,1.095314e-09
15.603,30.377,18.0,4.763879e-09
15.603,30.377,19.0,1.343967e-11
15.603,30.377,20.0,9.58447e-12
15.603,30.377,21.0,4.657989e-13
15.603,30.377,22.0,4.107288e-13
15.603,30.377,23.0,3.238616e-13
15.603,30.377,24.0,4.662344e-13
15.603,30.377,25.0,5.632971e-13
15.603,30.377,26.0,2.040266e-12
15.603,30.377,27.0,2.179329e-11
15.603,30.377,28.0,1.454388e-09
15.603,30.377,29.0,1.159618e-11
15.603,30.377,30.0,1.855629e-12
15.603,30.377,31.0,6.860381e-12
15.603,30.377,32.0,4.063176e-10
15.603,30.377,33.0,1.138012e-12
15.603,30.377,34.0,2.028966e-12
15.603,30.377,35.0,3.184132e-12
15.603,30.377,36.0,9.419174e-12
15.603,30.377,37.0,1.148591e-12
15.603,30.377,38.0,2.972398e-12
15.603,30.377,39.0,5.057757e-13
15.603,30.377,40.0,1.785305e-11
15.603,30.377,41.0,2.637477e-13
15.603,30.377,42.0,1.950066e-13
15.603,30.377,43.0,3.422557e-13
15.603,30.377,44.0,3.447501e-12
15.603,30.377,45.0,2.377005e-13
15.603,30.377,46.0,2.032725e-13
15.603,30.377,47.0,2.238666e-13
15.603,30.377,48.0,4.65727e-13
15.603,30.377,49.0,2.057645e-13
15.603,30.377,50.0,2.806625e-13
15.603,30.377,51.0,2.568272e-13
15.603,30.377,52.0,1.801194e-13
15.603,30.377,53.0,1.509506e-13
15.603,30.377,54.0,1.513743e-13
15.603,30.377,55.0,1.882919e-13
15.603,30.377,56.0,1.448583e-13
15.603,30.377,57.0,2.42402e-13
15.603,30.377,58.0,2.43721e-13
15.603,30.377,59.0,2.329512e-13
15.603,30.377,60.0,1.913871e-13
15.603,30.377,61.0,1.75698e-13
15.603,30.377,62.0,2.049003e-13
15.603,30.377,63.0,1.770026e-13
15.603,30.377,64.0,6.975495e-13
15.603,30.377,65.0,1.746734e-13
15.603,30.377,66.0,2.659932e-13
15.603,30.377,67.0,1.785658e-13
15.603,30.377,68.0,1.844642e-13
15.603,30.377,69.0,2.725116e-13
15.603,30.377,70.0,2.177719e-13
15.603,30.377,71.0,1.683154e-13
15.603,30.377,72.0,1.615121e-13
15.603,30.377,73.0,1.503641e-13
15.603,30.377,74.0,1.9414e-13
15.603,30.377,75.0,1.68313e-13
15.603,30.377,76.0,2.26057e-13
15.603,30.377,77.0,2.549121e-13
15.603,30.377,78.0,2.159957e-13
15.603,30.377,79.0,1.820584e-13
15.603,30.377,80.0,2.41995e-13
15.603,30.377,81.0,1.776035e-13
15.603,30.377,82.0,2.419998e-13
15.603,30.377,83.0,2.329871e-13
15.603,30.377,84.0,1.806963e-13
15.603,30.377,85.0,1.606456e-13
15.603,30.377,86.0,2.045604e-13
15.603,30.377,87.0,1.861805e-13
15.603,30.377,88.0,1.496603e-13
15.603,30.377,89.0,1.546634e-13
15.603,30.377,90.0,2.109782e-13
15.603,30.377,91.0,2.252119e-13
15.603,30.377,92.0,1.803444e-13
15.603,30.377,93.0,2.139178e-13
15.603,30.377,94.0,1.90444e-13
15.603,30.377,95.0,1.731031e-13
15.603,30.377,96.0,2.266123e-13
15.603,30.377,97.0,1.675901e-13
15.603,30.377,98.0,1.995668e-13
15.603,30.377,99.0,2.524872e-13
20.807,30.99,0.0,3.757658e-09
20.807,30.99,1.0,5.991602e-09
20.807,30.99,2.0,2.375892e-09
20.807,30.99,3.0,4.220742e-09
20.807,30.99,4.0,2.752112e-07
20.807,30.99,5.0,4.274431e-10
20.807,30.99,6.0,6.451515e-12
20.807,30.99,7.0,8.883861e-13
20.807,30.99,8.0,2.221239e-12
20.807,30.99,9.0,4.656806e-13
20.807,30.99,10.0,4.240029e-13
20.807,30.99,11.0,3.955496e-13
20.807,30.99,12.0,4.162787e-13
20.807,30.99,13.0,1.584217e-12
20.807,30.99,14.0,6.852128e-11
20.807,30.99,15.0,4.579447e-12
20.807,30.99,16.0,9.30014e-11
20.807,30.99,17.0,1.094763e-09
20.807,30.99,18.0,4.752365e-09
20.807,30.99,19.0,1.237367e-11
20.807,30.99,20.0,8.589444e-12
20.807,30.99,21.0,4.206153e-13
20.807,30.99,22.0,3.961671e-13
20.807,30.99,23.0,3.529441e-13
20.807,30.99,24.0,3.630486e-13
20.807,30.99,25.0,4.542064e-13
20.807,30.99,26.0,1.766411e-12
20.807,30.99,27.0,2.136431e-11
20.807,30.99,28.0,1.453526e-09
20.807,30.99,29.0,1.103351e-11
20.807,30.99,30.0,2.419112e-12
20.807,30.99,31.0,6.975428e-12
20.807,30.99,32.0,4.134536e-10
20.807,30.99,33.0,1.070433e-12
20.807,30.99,34.0,1.928187e-12
20.807,30.99,35.0,3.321466e-12
20.807,30.99,36.0,9.471617e-12
20.807,30.99,37.0,1.07819e-12
20.807,30.99,38.0,2.805165e-12
20.807,30.99,39.0,5.596804e-13
20.807,30.99,40.0,1.7854e-11
20.807,30.99,41.0,2.573634e-13
20.807,30.99,42.0,1.535743e-13
20.807,30.99,43.0,3.228035e-13
20.807,30.99,44.0,3.727412e-12
20.807,30.99,45.0,2.213387e-13
20.807,30.99,46.0,2.076316e-13
20.807,30.99,47.0,1.723945e-13
20.807,30.99,48.0,4.589213e-13
20.807,30.99,49.0,1.808926e-13
20.807,30.99,50.0,1.936182e-13
20.807,30.99,51.0,1.635565e-13
20.807,30.99,52.0,2.420788e-13
20.807,30.99,53.0,2.118903e-13
20.807,30.99,54.0,2.032773e-13
20.807,30.99,55.0,1.780487e-13
20.807,30.99,56.0,1.861877e-13
20.807,30.99,57.0,1.817137e-13
20.807,30.99,58.0,1.594487e-13
20.807,30.99,59.0,2.087879e-13
20.807,30.99,60.0,1.772204e-13
20.807,30.99,61.0,1.55214e-13
20.807,30.99,62.0,1.810721e-13
20.807,30.99,63.0,1.854744e-13
20.807,30.99,64.0,4.674473e-13
20.807,30.99,65.0,1.838825e-13
20.807,30.99,66.0,1.772851e-13
20.807,30.99,67.0,2.429502e-13
20.807,30.99,68.0,1.965243e-13
20.807,30.99,69.0,1.683417e-13
20.807,30.99,70.0,2.36099e-13
20.807,30.99,71.0,1.777256e-13
20.807,30.99,72.0,2.195433e-13
20.807,30.99,73.0,1.909323e-13
20.807,30.99,74.0,1.80804e-13
20.807,30.99,75.0,2.436037e-13
20.807,30.99,76.0,2.5186e-13
20.807,30.99,77.0,1.94863e-13
20.807,30.99,78.0,1.726626e-13
20.807,30.99,79.0,1.840357e-13
20.807,30.99,80.0,2.125916e-13
20.807,30.99,81.0,1.558484e-13
20.807,30.99,82.0,2.337579e-13
20.807,30.99,83.0,1.426703e-13
20.807,30.99,84.0,1.824007e-13
20.807,30.99,85.0,1.812062e-13
20.807,30.99,86.0,1.915523e-13
20.807,30.99,87.0,1.605426e-13
20.807,30.99,88.0,1.707116e-13
20.807,30.99,89.0,2.252239e-13
20.807,30.99,90.0,2.120123e-13
20.807,30.99,91.0,1.980013e-13
20.807,30.99,92.0,1.773306e-13
20.807,30.99,93.0,1.797388e-13
20.807,30.99,94.0,1.526095e-13
20.807,30.99,95.0,2.075814e-13
20.807,30.99,96.0,1.830949e-13
20.807,30.99,97.0,1.569424e-13
20.807,30.99,98.0,2.276177e-13
20.807,30.99,99.0,2.347753e-13
26.008,31.793,0.0,3.756939e-09
26.008,31.793,1.0,5.948082e-09
26.008,31.793,2.0,2.381661e-09
26.008,31.793,3.0,4.208583e-09
26.008,31.793,4.0,2.753261e-07
26.008,31.793,5.0,4.256309e-10
26.008,31.793,6.0,6.320526e-12
26.008,31.793,7.0,9.438854e-13
26.008,31.793,8.0,2.079213e-12
26.008,31.793,9.0,3.628809e-13
26.008,31.793,10.0,3.629815e-13
26.008,31.793,11.0,5.470674e-13
26.008,31.793,12.0,5.316553e-13
26.008,31.793,13.0,1.886318e-12
26.008,31.793,14.0,6.553523e-11
26.008,31.793,15.0,4.461072e-12
26.008,31.793,16.0,9.09475e-11
26.008,31.793,17.0,1.090574e-09
26.008,31.793,18.0,4.727181e-09
26.008,31.793,19.0,1.14473e-11
26.008,31.793,20.0,9.465243e-12
26.008,31.793,21.0,5.096214e-13
26.008,31.793,22.0,4.369173e-13
26.008,31.793,23.0,3.309832e-13
26.008,31.793,24.0,3.04881e-13
26.008,31.793,25.0,6.510416e-13
26.008,31.793,26.0,1.470774e-12
26.008,31.793,27.0,2.187731e-11
26.008,31.793,28.0,1.461593e-09
26.008,31.793,29.0,1.313106e-11
26.008,31.793,30.0,2.272921e-12
26.008,31.793,31.0,7.020674e-12
26.008,31.793,32.0,4.126923e-10
26.008,31.793,33.0,1.13233e-12
26.008,31.793,34.0,2.129149e-12
26.008,31.793,35.0,3.070186e-12
26.008,31.793,36.0,9.169198e-12
26.008,31.793,37.0,8.036148e-13
26.008,31.793,38.0,2.95454e-12
26.008,31.793,39.0,9.319834e-13
26.008,31.793,40.0,1.690246e-11
26.008,31.793,41.0,1.739433e-13
26.008,31.793,42.0,2.513453e-13
26.008,31.793,43.0,3.14765e-13
26.008,31.793,44.0,3.521925e-12
26.008,31.793,45.0,2.322091e-13
26.008,31.793,46.0,1.964357e-13
26.008,31.793,47.0,1.907791e-13
26.008,31.793,48.0,5.666874e-13
26.008,31.793,49.0,2.743787e-13
26.008,31.793,50.0,1.987314e-13
26.008,31.793,51.0,1.9645e-13
26.008,31.793,52.0,1.99665e-13
26.008,31.793,53.0,1.886127e-13
26.008,31.793,54.0,2.308829e-13
26.008,31.793,55.0,1.6545e-13
26.008,31.793,56.0,1.830279e-13
26.008,31.793,57.0,1.907839e-13
26.008,31.793,58.0,1.764377e-13
26.008,31.793,59.0,1.568322e-13
26.008,31.793,60.0,2.602193e-13
26.008,31.793,61.0,1.629101e-13
26.008,31.793,62.0,1.87806e-13
26.008,31.793,63.0,2.12551e-13
26.008,31.793,64.0,6.630333e-13
26.008,31.793,65.0,1.792743e-13
26.008,31.793,66.0,2.545723e-13
26.008,31.793,67.0,1.932663e-13
26.008,31.793,68.0,1.758105e-13
26.008,31.793,69.0,2.044933e-13
26.008,31.793,70.0,2.266937e-13
26.008,31.793,71.0,1.874086e-13
26.008,31.793,72.0,2.025663e-13
26.008,31.793,73.0,2.12065e-13
26.008,31.793,74.0,2.095299e-13
26.008,31.793,75.0,2.037752e-13
26.008,31.793,76.0,1.87952e-13
26.008,31.793,77.0,1.646074e-13
26.008,31.793,78.0,1.94377e-13
26.008,31.793,79.0,1.959809e-13
26.008,31.793,80.0,1.708361e-13
26.008,31.793,81.0,1.62295e-13
26.008,31.793,82.0,1.816921e-13
26.008,31.793,83.0,1.820225e-13
26.008,31.793,84.0,2.343803e-13
26.008,31.793,85.0,2.010702e-13
26.008,31.793,86.0,2.426677e-13
26.008,31.793,87.0,2.004573e-13
26.008,31.793,88.0,1.843157e-13
26.008,31.793,89.0,1.70647e-13
26.008,31.793,90.0,1.729426e-13
26.008,31.793,91.0,1.450211e-13
26.008,31.793,92.0,1.965913e-13
26.008,31.793,93.0,2.151817e-13
26.008,31.793,94.0,1.773449e-13
26.008,31.793,95.0,1.271536e-13
26.008,31.793,96.0,1.886988e-13
26.008,31.793,97.0,1.888353e-13
26.008,31.793,98.0,2.016231e-13
26.008,31.793,99.0,1.666302e-13
31.216,33.153,0.0,3.764647e-09
31.216,33.153,1.0,5.983176e-09
31.216,33.153,2.0,2.386138e-09
31.216,33.153,3.0,4.229026e-09
31.216,33.153,4.0,2.755271e-07
31.216,33.153,5.0,4.278381e-10
31.216,33.153,6.0,6.087654e-12
31.216,33.153,7.0,9.305194e-13
31.216,33.153,8.0,2.105689e-12
31.216,33.153,9.0,4.020847e-13
31.216,33.153,10.0,3.762337e-13
31.216,33.153,11.0,4.06396e-13
31.216,33.153,12.0,7.820729e-13
31.216,33.153,13.0,1.493628e-12
31.216,33.153,14.0,7.04555e-11
31.216,33.153,15.0,4.315335e-12
31.216,33.153,16.0,9.154836e-11
31.216,33.153,17.0,1.093207e-09
31.216,33.153,18.0,4.742167e-09
31.216,33.153,19.0,1.06799e-11
31.216,33.153,20.0,1.091048e-11
31.216,33.153,21.0,4.261235e-13
31.216,33.153,22.0,3.916692e-13
31.216,33.153,23.0,3.863437e-13
31.216,33.153,24.0,3.560178e-13
31.216,33.153,25.0,4.882266e-13
31.216,33.153,26.0,1.584145e-12
31.216,33.153,27.0,2.133415e-11
31.216,33.153,28.0,1.462096e-09
31.216,33.153,29.0,1.319064e-11
31.216,33.153,30.0,2.270887e-12
31.216,33.153,31.0,6.922957e-12
31.216,33.153,32.0,4.128264e-10
31.216,33.153,33.0,7.325854e-13
31.216,33.153,34.0,1.966942e-12
31.216,33.153,35.0,2.469455e-12
31.216,33.153,36.0,9.889064e-12
31.216,33.153,37.0,1.128762e-12
31.216,33.153,38.0,2.973117e-12
31.216,33.153,39.0,6.17531e-13
31.216,33.153,40.0,1.882925e-11
31.216,33.153,41.0,2.21906e-13
31.216,33.153,42.0,2.777109e-13
31.216,33.153,43.0,3.339779e-13
31.216,33.153,44.0,3.31517e-12
31.216,33.153,45.0,2.068441e-13
31.216,33.153,46.0,1.535e-13
31.216,33.153,47.0,2.62704e-13
31.216,33.153,48.0,3.942257e-13
31.216,33.153,49.0,1.556736e-13
31.216,33.153,50.0,2.371906e-13
31.216,33.153,51.0,1.978768e-13
31.216,33.153,52.0,2.293724e-13
31.216,33.153,53.0,1.790637e-13
31.216,33.153,54.0,2.096376e-13
31.216,33.153,55.0,2.099728e-13
31.216,33.153,56.0,1.685667e-13
31.216,33.153,57.0,1.591519e-13
31.216,33.153,58.0,2.302868e-13
31.216,33.153,59.0,1.895798e-13
31.216,33.153,60.0,2.304113e-13
31.216,33.153,61.0,1.67997e-13
31.216,33.153,62.0,1.861039e-13
31.216,33.153,63.0,1.985997e-13
31.216,33.153,64.0,4.57102e-13
31.216,33.153,65.0,1.557741e-13
31.216,33.153,66.0,2.869655e-13
31.216,33.153,67.0,1.910448e-13
31.216,33.153,68.0,1.905541e-13
31.216,33.153,69.0,1.808519e-13
31.216,33.153,70.0,1.598149e-13
31.216,33.153,71.0,1.978553e-13
31.216,33.153,72.0,1.829848e-13
31.216,33.153,73.0,2.643462e-13
31.216,33.153,74.0,1.737398e-13
31.216,33.153,75.0,1.832912e-13
31.216,33.153,76.0,1.771941e-13
31.216,33.153,77.0,1.874756e-13
31.216,33.153,78.0,1.697637e-13
31.216,33.153,79.0,1.805263e-13
31.216,33.153,80.0,1.881243e-13
31.216,33.153,81.0,1.870974e-13
31.216,33.153,82.0,2.542394e-13
31.216,33.153,83.0,1.750684e-13
31.216,33.153,84.0,1.673028e-13
31.216,33.153,85.0,1.652489e-13
31.216,33.153,86.0,1.78707e-13
31.216,33.153,87.0,1.726147e-13
31.216,33.153,88.0,1.894361e-13
31.216,33.153,89.0,1.77783e-13
31.216,33.153,90.0,1.627857e-13
31.216,33.153,91.0,1.951741e-13
31.216,33.153,92.0,1.834205e-13
31.216,33.153,93.0,1.838801e-13
31.216,33.153,94.0,1.746351e-13
31.216,33.153,95.0,1.498566e-13
31.216,33.153,96.0,1.942238e-13
31.216,33.153,97.0,1.700198e-13
31.216,33.153,98.0,2.128861e-13
31.216,33.153,99.0,1.803372e-13
36.446,34.728,0.0,3.780662e-09
36.446,34.728,1.0,5.95445e-09
36.446,34.728,2.0,2.390925e-09
36.446,34.728,3.0,4.218875e-09
36.446,34.728,4.0,2.754099e-07
36.446,34.728,5.0,4.26002e-10
36.446,34.728,6.0,6.253833e-12
36.446,34.728,7.0,8.14373e-13
36.446,34.728,8.0,2.279792e-12
36.446,34.728,9.0,3.898211e-13
36.446,34.728,10.0,3.742516e-13
36.446,34.728,11.0,3.465718e-13
36.446,34.728,12.0,4.753094e-13
36.446,34.728,13.0,1.353141e-12
36.446,34.728,14.0,6.692029e-11
36.446,34.728,15.0,4.11186e-12
36.446,34.728,16.0,9.160341e-11
36.446,34.728,17.0,1.091196e-09
36.446,34.728,18.0,4.734745e-09
36.446,34.728,19.0,1.014153e-11
36.446,34.728,20.0,9.936385e-12
36.446,34.728,21.0,4.159162e-13
36.446,34.728,22.0,3.780051e-13
36.446,34.728,23.0,3.776234e-13
36.446,34.728,24.0,3.177023e-13
36.446,34.728,25.0,6.023712e-13
36.446,34.728,26.0,1.993634e-12
36.446,34.728,27.0,2.070146e-11
36.446,34.728,28.0,1.453885e-09
36.446,34.728,29.0,1.249075e-11
36.446,34.728,30.0,2.421794e-12
36.446,34.728,31.0,6.569387e-12
36.446,34.728,32.0,4.108539e-10
36.446,34.728,33.0,1.126386e-12
36.446,34.728,34.0,2.149448e-12
36.446,34.728,35.0,2.70697e-12
36.446,34.728,36.0,8.608927e-12
36.446,34.728,37.0,1.008505e-12
36.446,34.728,38.0,2.403888e-12
36.446,34.728,39.0,6.510998e-13
36.446,34.728,40.0,1.743054e-11
36.446,34.728,41.0,2.355556e-13
36.446,34.728,42.0,2.105545e-13
36.446,34.728,43.0,3.709362e-13
36.446,34.728,44.0,3.675585e-12
36.446,34.728,45.0,2.355652e-13
36.446,34.728,46.0,1.646792e-13
36.446,34.728,47.0,2.271797e-13
36.446,34.728,48.0,3.761116e-13
36.446,34.728,49.0,1.451599e-13
36.446,34.728,50.0,2.028177e-13
36.446,34.728,51.0,2.60394e-13
36.446,34.728,52.0,2.596854e-13
36.446,34.728,53.0,1.892374e-13
36.446,34.728,54.0,2.158472e-13
36.446,34.728,55.0,1.54491e-13
36.446,34.728,56.0,1.552786e-13
36.446,34.728,57.0,2.057812e-13
36.446,34.728,58.0,1.962059e-13
36.446,34.728,59.0,2.067866e-13
36.446,34.728,60.0,1.729379e-13
36.446,34.728,61.0,2.050487e-13
36.446,34.728,62.0,2.393043e-13
36.446,34.728,63.0,2.393666e-13
36.446,34.728,64.0,1.014911e-12
36.446,34.728,65.0,1.603703e-13
36.446,34.728,66.0,1.67772e-13
36.446,34.728,67.0,1.795018e-13
36.446,34.728,68.0,1.829297e-13
36.446,34.728,69.0,2.053622e-13
36.446,34.728,70.0,1.844426e-13
36.446,34.728,71.0,2.082349e-13
36.446,34.728,72.0,2.025089e-13
36.446,34.728,73.0,1.954231e-13
36.446,34.728,74.0,1.904775e-13
36.446,34.728,75.0,2.026381e-13
36.446,34.728,76.0,1.541368e-13
36.446,34.728,77.0,1.740702e-13
36.446,34.728,78.0,1.992724e-13
36.446,34.728,79.0,1.360395e-13
36.446,34.728,80.0,1.40839e-13
36.446,34.728,81.0,2.399436e-13
36.446,34.728,82.0,1.46668e-13
36.446,34.728,83.0,2.014244e-13
36.446,34.728,84.0,1.785107e-13
36.446,34.728,85.0,1.419067e-13
36.446,34.728,86.0,2.045005e-13
36.446,34.728,87.0,1.870711e-13
36.446,34.728,88.0,1.9741e-13
36.446,34.728,89.0,1.796837e-13
36.446,34.728,90.0,1.83509e-13
36.446,34.728,91.0,1.434938e-13
36.446,34.728,92.0,1.423472e-13
36.446,34.728,93.0,1.975823e-13
36.446,34.728,94.0,2.181453e-13
36.446,34.728,95.0,1.951119e-13
36.446,34.728,96.0,1.799398e-13
36.446,34.728,97.0,1.585893e-13
36.446,34.728,98.0,1.898527e-13
36.446,34.728,99.0,1.627498e-13
41.66,36.583,0.0,3.736807e-09
41.66,36.583,1.0,5.97032e-09
41.66,36.583,2.0,2.378453e-09
41.66,36.583,3.0,4.209517e-09
41.66,36.583,4.0,2.755942e-07
41.66,36.583,5.0,4.258177e-10
41.66,36.583,6.0,6.003918e-12
41.66,36.583,7.0,6.884074e-13
41.66,36.583,8.0,2.260091e-12
41.66,36.583,9.0,4.003204e-13
41.66,36.583,10.0,3.858282e-13
41.66,36.583,11.0,4.138312e-13
41.66,36.583,12.0,7.783354e-13
41.66,36.583,13.0,1.700821e-12
41.66,36.583,14.0,7.151835e-11
41.66,36.583,15.0,4.553139e-12
41.66,36.583,16.0,8.926462e-11
41.66,36.583,17.0,1.092393e-09
41.66,36.583,18.0,4.732329e-09
41.66,36.583,19.0,1.001455e-11
41.66,36.583,20.0,8.808826e-12
41.66,36.583,21.0,4.358307e-13
41.66,36.583,22.0,3.777585e-13
41.66,36.583,23.0,5.184217e-13
41.66,36.583,24.0,4.240217e-13
41.66,36.583,25.0,5.789236e-13
41.66,36.583,26.0,1.903841e-12
41.66,36.583,27.0,2.032516e-11
41.66,36.583,28.0,1.467315e-09
41.66,36.583,29.0,1.128409e-11
41.66,36.583,30.0,2.080649e-12
41.66,36.583,31.0,6.740977e-12
41.66,36.583,32.0,4.070381e-10
41.66,36.583,33.0,1.038745e-12
41.66,36.583,34.0,2.510078e-12
41.66,36.583,35.0,3.084956e-12
41.66,36.583,36.0,8.757121e-12
41.66,36.583,37.0,7.98812e-13
41.66,36.583,38.0,2.97946e-12
41.66,36.583,39.0,6.06984e-13
41.66,36.583,40.0,1.755215e-11
41.66,36.583,41.0,1.936014e-13
41.66,36.583,42.0,2.196559e-13
41.66,36.583,43.0,2.909225e-13
41.66,36.583,44.0,3.397135e-12
41.66,36.583,45.0,2.097502e-13
41.66,36.583,46.0,2.851677e-13
41.66,36.583,47.0,2.196462e-13
41.66,36.583,48.0,4.277873e-13
41.66,36.583,49.0,2.139777e-13
41.66,36.583,50.0,1.430079e-13
41.66,36.583,51.0,2.612223e-13
41.66,36.583,52.0,1.697254e-13
41.66,36.583,53.0,1.766196e-13
41.66,36.583,54.0,1.802558e-13
41.66,36.583,55.0,1.735794e-13
41.66,36.583,56.0,2.212908e-13
41.66,36.583,57.0,1.733544e-13
41.66,36.583,58.0,2.221789e-13
41.66,36.583,59.0,2.466965e-13
41.66,36.583,60.0,1.524467e-13
41.66,36.583,61.0,1.861159e-13
41.66,36.583,62.0,1.802415e-13
41.66,36.583,63.0,1.73431e-13
41.66,36.583,64.0,3.79108e-13
41.66,36.583,65.0,1.785299e-13
41.66,36.583,66.0,1.716213e-13
41.66,36.583,67.0,1.916672e-13
41.66,36.583,68.0,1.642579e-13
41.66,36.583,69.0,1.823791e-13
41.66,36.583,70.0,1.703956e-13
41.66,36.583,71.0,1.737805e-13
41.66,36.583,72.0,1.912986e-13
41.66,36.583,73.0,1.771319e-13
41.66,36.583,74.0,2.32616e-13
41.66,36.583,75.0,1.89642e-13
41.66,36.583,76.0,2.056759e-13
41.66,36.583,77.0,1.907576e-13
41.66,36.583,78.0,1.984561e-13
41.66,36.583,79.0,1.800261e-13
41.66,36.583,80.0,1.954902e-13
41.66,36.583,81.0,2.088716e-13
41.66,36.583,82.0,1.768111e-13
41.66,36.583,83.0,1.965243e-13
41.66,36.583,84.0,2.062576e-13
41.66,36.583,85.0,1.626253e-13
41.66,36.583,86.0,1.769882e-13
41.66,36.583,87.0,1.809165e-13
41.66,36.583,88.0,2.569995e-13
41.66,36.583,89.0,2.307775e-13
41.66,36.583,90.0,2.316202e-13
41.66,36.583,91.0,1.50479e-13
41.66,36.583,92.0,1.74829e-13
41.66,36.583,93.0,1.944034e-13
41.66,36.583,94.0,2.513118e-13
41.66,36.583,95.0,2.071696e-13
41.66,36.583,96.0,1.494138e-13
41.66,36.583,97.0,1.917965e-13
41.66,36.583,98.0,1.982861e-13
41.66,36.583,99.0,1.752001e-13
46.87,38.635,0.0,3.738866e-09
46.87,38.635,1.0,5.967304e-09
46.87,38.635,2.0,2.374551e-09
46.87,38.635,3.0,4.21258e-09
46.87,38.635,4.0,2.751418e-07
46.87,38.635,5.0,4.288243e-10
46.87,38.635,6.0,7.573765e-12
46.87,38.635,7.0,9.286181e-13
46.87,38.635,8.0,2.231245e-12
46.87,38.635,9.0,3.812536e-13
46.87,38.635,10.0,3.568437e-13
46.87,38.635,11.0,4.125768e-13
46.87,38.635,12.0,6.150228e-13
46.87,38.635,13.0,1.616869e-12
46.87,38.635,14.0,6.767889e-11
46.87,38.635,15.0,3.943718e-12
46.87,38.635,16.0,9.083737e-11
46.87,38.635,17.0,1.093926e-09
46.87,38.635,18.0,4.718756e-09
46.87,38.635,19.0,1.130645e-11
46.87,38.635,20.0,8.903039e-12
46.87,38.635,21.0,5.148424e-13
46.87,38.635,22.0,3.415616e-13
46.87,38.635,23.0,4.996374e-13
46.87,38.635,24.0,5.699691e-13
46.87,38.635,25.0,7.133969e-13
46.87,38.635,26.0,1.92237e-12
46.87,38.635,27.0,2.142105e-11
46.87,38.635,28.0,1.4637e-09
46.87,38.635,29.0,1.001166e-11
46.87,38.635,30.0,2.375999e-12
46.87,38.635,31.0,7.091816e-12
46.87,38.635,32.0,4.136881e-10
46.87,38.635,33.0,1.088205e-12
46.87,38.635,34.0,2.588619e-12
46.87,38.635,35.0,2.920117e-12
46.87,38.635,36.0,1.018101e-11
46.87,38.635,37.0,1.359006e-12
46.87,38.635,38.0,3.099342e-12
46.87,38.635,39.0,4.583731e-13
46.87,38.635,40.0,1.748312e-11
46.87,38.635,41.0,1.882704e-13
46.87,38.635,42.0,2.245464e-13
46.87,38.635,43.0,2.717527e-13
46.87,38.635,44.0,3.756783e-12
46.87,38.635,45.0,2.63032e-13
46.87,38.635,46.0,2.339901e-13
46.87,38.635,47.0,1.55463e-13
46.87,38.635,48.0,4.642117e-13
46.87,38.635,49.0,2.162997e-13
46.87,38.635,50.0,2.01762e-13
46.87,38.635,51.0,1.778716e-13
46.87,38.635,52.0,2.278739e-13
46.87,38.635,53.0,2.035191e-13
46.87,38.635,54.0,1.967972e-13
46.87,38.635,55.0,2.102553e-13
46.87,38.635,56.0,1.81515e-13
46.87,38.635,57.0,1.718535e-13
46.87,38.635,58.0,1.683178e-13
46.87,38.635,59.0,1.641406e-13
46.87,38.635,60.0,2.081056e-13
46.87,38.635,61.0,1.645619e-13
46.87,38.635,62.0,1.928473e-13
46.87,38.635,63.0,1.543379e-13
46.87,38.635,64.0,7.426083e-13
46.87,38.635,65.0,3.347415e-13
46.87,38.635,66.0,1.846892e-13
46.87,38.635,67.0,1.524994e-13
46.87,38.635,68.0,2.300977e-13
46.87,38.635,69.0,2.121967e-13
46.87,38.635,70.0,2.025113e-13
46.87,38.635,71.0,1.493563e-13
46.87,38.635,72.0,1.920909e-13
46.87,38.635,73.0,1.928881e-13
46.87,38.635,74.0,1.392328e-13
46.87,38.635,75.0,1.84907e-13
46.87,38.635,76.0,1.593697e-13
46.87,38.635,77.0,1.748075e-13
46.87,38.635,78.0,1.935727e-13
46.87,38.635,79.0,1.946906e-13
46.87,38.635,80.0,1.651939e-13
46.87,38.635,81.0,1.710181e-13
46.87,38.635,82.0,1.982718e-13
46.87,38.635,83.0,2.482908e-13
46.87,38.635,84.0,2.27455e-13
46.87,38.635,85.0,1.626349e-13
46.87,38.635,86.0,1.885145e-13
46.87,38.635,87.0,1.971706e-13
46.87,38.635,88.0,1.69553e-13
46.87,38.635,89.0,1.416362e-13
46.87,38.635,90.0,1.968307e-13
46.87,38.635,91.0,1.719085e-13
46.87,38.635,92.0,1.971778e-13
46.87,38.635,93.0,1.47719e-13
46.87,38.635,94.0,1.664003e-13
46.87,38.635,95.0,1.970859e-13
46.87,38.635,96.0,2.36427e-13
46.87,38.635,97.0,1.617108e-13
46.87,38.635,98.0,1.771582e-13
46.87,38.635,99.0,2.007614e-13
52.077,40.887,0.0,3.759907e-09
52.077,40.887,1.0,5.974892e-09
52.077,40.887,2.0,2.382044e-09
52.077,40.887,3.0,4.217009e-09
52.077,40.887,4.0,2.758312e-07
52.077,40.887,5.0,4.261002e-10
52.077,40.887,6.0,6.635601e-12
52.077,40.887,7.0,7.259362e-13
52.077,40.887,8.0,2.095874e-12
52.077,40.887,9.0,3.979074e-13
52.077,40.887,10.0,3.790611e-13
52.077,40.887,11.0,3.477238e-13
52.077,40.887,12.0,4.459123e-13
52.077,40.887,13.0,1.57551e-12
52.077,40.887,14.0,6.814639e-11
52.077,40.887,15.0,4.551487e-12
52.077,40.887,16.0,9.154116e-11
52.077,40.887,17.0,1.094189e-09
52.077,40.887,18.0,4.742717e-09
52.077,40.887,19.0,1.239596e-11
52.077,40.887,20.0,1.190372e-11
52.077,40.887,21.0,4.95218e-13
52.077,40.887,22.0,3.844182e-13
52.077,40.887,23.0,4.290191e-13
52.077,40.887,24.0,3.286444e-13
52.077,40.887,25.0,4.991802e-13
52.077,40.887,26.0,1.927684e-12
52.077,40.887,27.0,2.125372e-11
52.077,40.887,28.0,1.462719e-09
52.077,40.887,29.0,1.148498e-11
52.077,40.887,30.0,2.225332e-12
52.077,40.887,31.0,6.643261e-12
52.077,40.887,32.0,4.152633e-10
52.077,40.887,33.0,1.148341e-12
52.077,40.887,34.0,2.142985e-12
52.077,40.887,35.0,2.788001e-12
52.077,40.887,36.0,9.931112e-12
52.077,40.887,37.0,1.333799e-12
52.077,40.887,38.0,3.226934e-12
52.077,40.887,39.0,5.910596e-13
52.077,40.887,40.0,1.757608e-11
52.077,40.887,41.0,1.910592e-13
52.077,40.887,42.0,1.848281e-13
52.077,40.887,43.0,2.604634e-13
52.077,40.887,44.0,3.659474e-12
52.077,40.887,45.0,2.461435e-13
52.077,40.887,46.0,1.861327e-13
52.077,40.887,47.0,1.636187e-13
52.077,40.887,48.0,4.607742e-13
52.077,40.887,49.0,1.994448e-13
52.077,40.887,50.0,1.597168e-13
52.077,40.887,51.0,1.931442e-13
52.077,40.887,52.0,2.170155e-13
52.077,40.887,53.0,2.024202e-13
52.077,40.887,54.0,1.712215e-13
52.077,40.887,55.0,2.126109e-13
52.077,40.887,56.0,2.126324e-13
52.077,40.887,57.0,1.5801e-13
52.077,40.887,58.0,2.067794e-13
52.077,40.887,59.0,1.811415e-13
52.077,40.887,60.0,1.892279e-13
52.077,40.887,61.0,2.02832e-13
52.077,40.887,62.0,1.63523e-13
52.077,40.887,63.0,2.215039e-13
52.077,40.887,64.0,4.917191e-13
52.077,40.887,65.0,1.913417e-13
52.077,40.887,66.0,2.364653e-13
52.077,40.887,67.0,1.885576e-13
52.077,40.887,68.0,1.639826e-13
52.077,40.887,69.0,1.754299e-13
52.077,40.887,70.0,2.447527e-13
52.077,40.887,71.0,2.207929e-13
52.077,40.887,72.0,2.004286e-13
52.077,40.887,73.0,1.818884e-13
52.077,40.887,74.0,1.73692e-13
52.077,40.887,75.0,1.833798e-13
52.077,40.887,76.0,1.784605e-13
52.077,40.887,77.0,1.778548e-13
52.077,40.887,78.0,1.774885e-13
52.077,40.887,79.0,1.78403e-13
52.077,40.887,80.0,1.613661e-13
52.077,40.887,81.0,1.588478e-13
52.077,40.887,82.0,2.242209e-13
52.077,40.887,83.0,1.62958e-13
52.077,40.887,84.0,2.093025e-13
52.077,40.887,85.0,2.806817e-13
52.077,40.887,86.0,1.684136e-13
52.077,40.887,87.0,1.678319e-13
52.077,40.887,88.0,1.688085e-13
52.077,40.887,89.0,2.491598e-13
52.077,40.887,90.0,1.742114e-13
52.077,40.887,91.0,1.771151e-13
52.077,40.887,92.0,2.209629e-13
52.077,40.887,93.0,1.49859e-13
52.077,40.887,94.0,1.745705e-13
52.077,40.887,95.0,2.460645e-13
52.077,40.887,96.0,1.690838e-13
52.077,40.887,97.0,2.225595e-13
52.077,40.887,98.0,1.875426e-13
52.077,40.887,99.0,1.948773e-13
57.282,43.138,0.0,3.737693e-09
57.282,43.138,1.0,5.960793e-09
57.282,43.138,2.0,2.384438e-09
57.282,43.138,3.0,4.224454e-09
57.282,43.138,4.0,2.753428e-07
57.282,43.138,5.0,4.313738e-10
57.282,43.138,6.0,5.780526e-12
57.282,43.138,7.0,6.916906e-13
57.282,43.138,8.0,2.040266e-12
57.282,43.138,9.0,3.874943e-13
57.282,43.138,10.0,3.743354e-13
57.282,43.138,11.0,4.602289e-13
57.282,43.138,12.0,6.848971e-13
57.282,43.138,13.0,1.521714e-12
57.282,43.138,14.0,6.872955e-11
57.282,43.138,15.0,4.213239e-12
57.282,43.138,16.0,9.252503e-11
57.282,43.138,17.0,1.098809e-09
57.282,43.138,18.0,4.76012e-09
57.282,43.138,19.0,1.334308e-11
57.282,43.138,20.0,1.150599e-11
57.282,43.138,21.0,4.409173e-13
57.282,43.138,22.0,3.389475e-13
57.282,43.138,23.0,3.017546e-13
57.282,43.138,24.0,3.260208e-13
57.282,43.138,25.0,5.332574e-13
57.282,43.138,26.0,1.918755e-12
57.282,43.138,27.0,2.070745e-11
57.282,43.138,28.0,1.463365e-09
57.282,43.138,29.0,1.365576e-11
57.282,43.138,30.0,2.491358e-12
57.282,43.138,31.0,6.01895e-12
57.282,43.138,32.0,4.136044e-10
57.282,43.138,33.0,9.446732e-13
57.282,43.138,34.0,1.770457e-12
57.282,43.138,35.0,3.135944e-12
57.282,43.138,36.0,8.555976e-12
57.282,43.138,37.0,8.653335e-13
57.282,43.138,38.0,2.693062e-12
57.282,43.138,39.0,5.588315e-13
57.282,43.138,40.0,1.761031e-11
57.282,43.138,41.0,3.066021e-13
57.282,43.138,42.0,2.20599e-13
57.282,43.138,43.0,2.04771e-13
57.282,43.138,44.0,3.704766e-12
57.282,43.138,45.0,2.823454e-13
57.282,43.138,46.0,2.368459e-13
57.282,43.138,47.0,1.915355e-13
57.282,43.138,48.0,3.999234e-13
57.282,43.138,49.0,1.498015e-13
57.282,43.138,50.0,2.057501e-13
57.282,43.138,51.0,2.128502e-13
57.282,43.138,52.0,1.82901e-13
57.282,43.138,53.0,1.626947e-13
57.282,43.138,54.0,2.053455e-13
57.282,43.138,55.0,1.590944e-13
57.282,43.138,56.0,1.636714e-13
57.282,43.138,57.0,2.401901e-13
57.282,43.138,58.0,2.029038e-13
57.282,43.138,59.0,2.041965e-13
57.282,43.138,60.0,1.907216e-13
57.282,43.138,61.0,1.607413e-13
57.282,43.138,62.0,1.870806e-13
57.282,43.138,63.0,1.612608e-13
57.282,43.138,64.0,5.004876e-13
57.282,43.138,65.0,1.914637e-13
57.282,43.138,66.0,2.199e-13
57.282,43.138,67.0,2.386269e-13
57.282,43.138,68.0,1.989109e-13
57.282,43.138,69.0,1.821924e-13
57.282,43.138,70.0,1.776441e-13
57.282,43.138,71.0,1.760092e-13
57.282,43.138,72.0,2.153781e-13
57.282,43.138,73.0,2.246948e-13
57.282,43.138,74.0,1.74233e-13
57.282,43.138,75.0,2.188371e-13
57.282,43.138,76.0,2.433787e-13
57.282,43.138,77.0,2.048859e-13
57.282,43.138,78.0,1.576222e-13
57.282,43.138,79.0,1.437979e-13
57.282,43.138,80.0,1.943387e-13
57.282,43.138,81.0,1.889167e-13
57.282,43.138,82.0,2.056064e-13
57.282,43.138,83.0,1.655075e-13
57.282,43.138,84.0,1.846222e-13
57.282,43.138,85.0,2.570666e-13
57.282,43.138,86.0,1.642172e-13
57.282,43.138,87.0,1.905924e-13
57.282,43.138,88.0,2.506726e-13
57.282,43.138,89.0,1.512738e-13
57.282,43.138,90.0,2.181908e-13
57.282,43.138,91.0,2.542132e-13
57.282,43.138,92.0,1.891345e-13
57.282,43.138,93.0,1.727895e-13
57.282,43.138,94.0,1.564061e-13
57.282,43.138,95.0,1.767632e-13
57.282,43.138,96.0,1.604828e-13
57.282,43.138,97.0,2.076603e-13
57.282,43.138,98.0,2.04637e-13
57.282,43.138,99.0,1.834971e-13
62.483,45.481,0.0,3.750931e-09
62.483,45.481,1.0,5.996963e-09
62.483,45.481,2.0,2.3729e-09
62.483,45.481,3.0,4.216482e-09
62.483,45.481,4.0,2.756158e-07
62.483,45.481,5.0,4.286735e-10
62.483,45.481,6.0,5.398495e-12
62.483,45.481,7.0,6.120076e-13
62.483,45.481,8.0,2.246589e-12
62.483,45.481,9.0,5.355527e-13
62.483,45.481,10.0,3.283931e-13
62.483,45.481,11.0,4.292115e-13
62.483,45.481,12.0,8.195692e-13
62.483,45.481,13.0,1.76093e-12
62.483,45.481,14.0,7.021157e-11
62.483,45.481,15.0,4.317585e-12
62.483,45.481,16.0,8.975777e-11
62.483,45.481,17.0,1.106062e-09
62.483,45.481,18.0,4.781929e-09
62.483,45.481,19.0,1.123004e-11
62.483,45.481,20.0,9.676787e-12
62.483,45.481,21.0,4.794699e-13
62.483,45.481,22.0,4.64633e-13
62.483,45.481,23.0,3.838174e-13
62.483,45.481,24.0,3.906589e-13
62.483,45.481,25.0,4.665552e-13
62.483,45.481,26.0,1.789105e-12
62.483,45.481,27.0,2.064066e-11
62.483,45.481,28.0,1.4744e-09
62.483,45.481,29.0,1.350436e-11
62.483,45.481,30.0,1.991288e-12
62.483,45.481,31.0,6.844151e-12
62.483,45.481,32.0,4.096904e-10
62.483,45.481,33.0,7.751093e-13
62.483,45.481,34.0,1.881675e-12
62.483,45.481,35.0,2.986546e-12
62.483,45.481,36.0,8.470882e-12
62.483,45.481,37.0,1.134226e-12
62.483,45.481,38.0,2.920212e-12
62.483,45.481,39.0,5.260015e-13
62.483,45.481,40.0,1.897934e-11
62.483,45.481,41.0,2.749964e-13
62.483,45.481,42.0,2.513885e-13
62.483,45.481,43.0,2.42402e-13
62.483,45.481,44.0,3.62723e-12
62.483,45.481,45.0,2.236009e-13
62.483,45.481,46.0,2.170944e-13
62.483,45.481,47.0,1.790853e-13
62.483,45.481,48.0,5.414181e-13
62.483,45.481,49.0,1.730025e-13
62.483,45.481,50.0,2.039858e-13
62.483,45.481,51.0,1.557383e-13
62.483,45.481,52.0,2.38974e-13
62.483,45.481,53.0,2.343108e-13
62.483,45.481,54.0,2.069279e-13
62.483,45.481,55.0,1.879712e-13
62.483,45.481,56.0,1.659647e-13
62.483,45.481,57.0,1.81953e-13
62.483,45.481,58.0,2.063988e-13
62.483,45.481,59.0,1.820991e-13
62.483,45.481,60.0,1.332961e-13
62.483,45.481,61.0,1.460169e-13
62.483,45.481,62.0,1.774287e-13
62.483,45.481,63.0,1.724065e-13
62.483,45.481,64.0,6.552691e-13
62.483,45.481,65.0,1.645044e-13
62.483,45.481,66.0,2.421411e-13
62.483,45.481,67.0,1.87277e-13
62.483,45.481,68.0,1.517861e-13
62.483,45.481,69.0,1.882392e-13
62.483,45.481,70.0,1.930341e-13
62.483,45.481,71.0,1.517214e-13
62.483,45.481,72.0,1.812541e-13
62.483,45.481,73.0,2.018888e-13
62.483,45.481,74.0,1.536723e-13
62.483,45.481,75.0,2.141548e-13
62.483,45.481,76.0,2.183919e-13
62.483,45.481,77.0,2.270599e-13
62.483,45.481,78.0,1.794754e-13
62.483,45.481,79.0,2.18502e-13
62.483,45.481,80.0,2.451956e-13
62.483,45.481,81.0,1.594559e-13
62.483,45.481,82.0,1.757459e-13
62.483,45.481,83.0,1.799015e-13
62.483,45.481,84.0,1.836311e-13
62.483,45.481,85.0,2.201992e-13
62.483,45.481,86.0,2.303132e-13
62.483,45.481,87.0,1.961916e-13
62.483,45.481,88.0,1.918563e-13
62.483,45.481,89.0,1.96541e-13
62.483,45.481,90.0,2.341983e-13
62.483,45.481,91.0,2.062648e-13
62.483,45.481,92.0,1.726171e-13
62.483,45.481,93.0,2.27747e-13
62.483,45.481,94.0,2.14794e-13
62.483,45.481,95.0,1.777447e-13
62.483,45.481,96.0,2.321516e-13
62.483,45.481,97.0,1.605714e-13
62.483,45.481,98.0,1.935416e-13
62.483,45.481,99.0,1.428666e-13
67.682,47.994,0.0,3.761822e-09
67.682,47.994,1.0,5.985044e-09
67.682,47.994,2.0,2.387454e-09
67.682,47.994,3.0,4.222946e-09
67.682,47.994,4.0,2.752112e-07
67.682,47.994,5.0,4.372841e-10
67.682,47.994,6.0,6.323613e-12
67.682,47.994,7.0,7.055763e-13
67.682,47.994,8.0,2.230096e-12
67.682,47.994,9.0,4.237535e-13
67.682,47.994,10.0,4.123428e-13
67.682,47.994,11.0,3.067385e-13
67.682,47.994,12.0,8.454025e-13
67.682,47.994,13.0,1.48755e-12
67.682,47.994,14.0,6.639126e-11
67.682,47.994,15.0,3.946973e-12
67.682,47.994,16.0,9.239577e-11
67.682,47.994,17.0,1.126984e-09
67.682,47.994,18.0,4.815346e-09
67.682,47.994,19.0,9.555117e-12
67.682,47.994,20.0,1.108428e-11
67.682,47.994,21.0,5.121744e-13
67.682,47.994,22.0,3.524199e-13
67.682,47.994,23.0,3.790273e-13
67.682,47.994,24.0,3.313064e-13
67.682,47.994,25.0,5.35661e-13
67.682,47.994,26.0,1.756214e-12
67.682,47.994,27.0,2.129848e-11
67.682,47.994,28.0,1.460804e-09
67.682,47.994,29.0,1.363331e-11
67.682,47.994,30.0,2.255925e-12
67.682,47.994,31.0,6.806603e-12
67.682,47.994,32.0,4.113158e-10
67.682,47.994,33.0,1.038481e-12
67.682,47.994,34.0,1.859268e-12
67.682,47.994,35.0,3.047971e-12
67.682,47.994,36.0,9.192386e-12
67.682,47.994,37.0,1.132091e-12
67.682,47.994,38.0,2.882079e-12
67.682,47.994,39.0,9.008538e-13
67.682,47.994,40.0,1.70626e-11
67.682,47.994,41.0,2.228109e-13
67.682,47.994,42.0,2.142362e-13
67.682,47.994,43.0,2.846746e-13
67.682,47.994,44.0,3.414036e-12
67.682,47.994,45.0,2.633672e-13
67.682,47.994,46.0,1.934051e-13
67.682,47.994,47.0,1.792265e-13
67.682,47.994,48.0,4.259296e-13
67.682,47.994,49.0,2.409657e-13
67.682,47.994,50.0,2.082468e-13
67.682,47.994,51.0,1.727368e-13
67.682,47.994,52.0,2.024609e-13
67.682,47.994,53.0,2.429526e-13
67.682,47.994,54.0,1.732898e-13
67.682,47.994,55.0,2.168957e-13
67.682,47.994,56.0,1.789273e-13
67.682,47.994,57.0,1.775268e-13
67.682,47.994,58.0,2.081056e-13
67.682,47.994,59.0,1.941951e-13
67.682,47.994,60.0,2.1105e-13
67.682,47.994,61.0,1.724998e-13
67.682,47.994,62.0,1.859459e-13
67.682,47.994,63.0,1.813043e-13
67.682,47.994,64.0,7.329554e-13
67.682,47.994,65.0,1.766124e-13
67.682,47.994,66.0,2.25705e-13
67.682,47.994,67.0,2.056137e-13
67.682,47.994,68.0,1.847682e-13
67.682,47.994,69.0,1.756381e-13
67.682,47.994,70.0,1.827023e-13
67.682,47.994,71.0,2.168335e-13
67.682,47.994,72.0,2.065017e-13
67.682,47.994,73.0,2.082947e-13
67.682,47.994,74.0,2.022982e-13
67.682,47.994,75.0,1.786184e-13
67.682,47.994,76.0,1.971826e-13
67.682,47.994,77.0,2.129866e-13
67.682,47.994,78.0,1.809859e-13
67.682,47.994,79.0,1.810147e-13
67.682,47.994,80.0,1.708984e-13
67.682,47.994,81.0,2.153039e-13
67.682,47.994,82.0,1.627665e-13
67.682,47.994,83.0,1.925194e-13
67.682,47.994,84.0,2.076604e-13
67.682,47.994,85.0,1.829106e-13
67.682,47.994,86.0,1.643728e-13
67.682,47.994,87.0,1.852038e-13
67.682,47.994,88.0,1.541799e-13
67.682,47.994,89.0,1.484706e-13
67.682,47.994,90.0,2.236679e-13
67.682,47.994,91.0,1.832888e-13
67.682,47.994,92.0,1.634272e-13
67.682,47.994,93.0,2.072797e-13
67.682,47.994,94.0,1.704651e-13
67.682,47.994,95.0,1.81831e-13
67.682,47.994,96.0,1.712048e-13
67.682,47.994,97.0,1.798872e-13
67.682,47.994,98.0,1.655721e-13
67.682,47.994,99.0,2.716785e-13
72.878,50.539,0.0,3.775946e-09
72.878,50.539,1.0,5.995143e-09
72.878,50.539,2.0,2.380823e-09
72.878,50.539,3.0,4.213729e-09
72.878,50.539,4.0,2.754769e-07
72.878,50.539,5.0,4.329345e-10
72.878,50.539,6.0,7.055287e-12
72.878,50.539,7.0,7.99641e-13
72.878,50.539,8.0,1.946451e-12
72.878,50.539,9.0,4.49358e-13
72.878,50.539,10.0,3.786276e-13
72.878,50.539,11.0,2.797888e-13
72.878,50.539,12.0,3.943827e-13
72.878,50.539,13.0,1.478769e-12
72.878,50.539,14.0,6.946398e-11
72.878,50.539,15.0,4.277034e-12
72.878,50.539,16.0,9.35903e-11
72.878,50.539,17.0,1.122843e-09
72.878,50.539,18.0,4.910022e-09
72.878,50.539,19.0,9.452357e-12
72.878,50.539,20.0,1.023617e-11
72.878,50.539,21.0,4.334079e-13
72.878,50.539,22.0,3.068654e-13
72.878,50.539,23.0,3.638098e-13
72.878,50.539,24.0,2.874418e-13
72.878,50.539,25.0,5.011606e-13
72.878,50.539,26.0,2.342917e-12
72.878,50.539,27.0,2.098705e-11
72.878,50.539,28.0,1.44984e-09
72.878,50.539,29.0,1.118238e-11
72.878,50.539,30.0,2.618207e-12
72.878,50.539,31.0,6.015552e-12
72.878,50.539,32.0,4.022911e-10
72.878,50.539,33.0,8.898893e-13
72.878,50.539,34.0,2.459186e-12
72.878,50.539,35.0,3.288982e-12
72.878,50.539,36.0,7.651497e-12
72.878,50.539,37.0,9.71872e-13
72.878,50.539,38.0,2.773591e-12
72.878,50.539,39.0,5.639681e-13
72.878,50.539,40.0,1.646702e-11
72.878,50.539,41.0,1.975512e-13
72.878,50.539,42.0,1.914207e-13
72.878,50.539,43.0,2.280917e-13
72.878,50.539,44.0,3.566833e-12
72.878,50.539,45.0,2.268277e-13
72.878,50.539,46.0,1.898694e-13
72.878,50.539,47.0,1.912794e-13
72.878,50.539,48.0,4.257836e-13
72.878,50.539,49.0,1.969911e-13
72.878,50.539,50.0,2.50577e-13
72.878,50.539,51.0,1.743144e-13
72.878,50.539,52.0,2.614138e-13
72.878,50.539,53.0,1.615145e-13
72.878,50.539,54.0,1.482743e-13
72.878,50.539,55.0,2.296572e-13
72.878,50.539,56.0,2.122733e-13
72.878,50.539,57.0,2.234285e-13
72.878,50.539,58.0,2.115767e-13
72.878,50.539,59.0,1.767273e-13
72.878,50.539,60.0,1.7847e-13
72.878,50.539,61.0,1.751139e-13
72.878,50.539,62.0,1.956003e-13
72.878,50.539,63.0,2.498324e-13
72.878,50.539,64.0,5.238635e-13
72.878,50.539,65.0,2.093025e-13
72.878,50.539,66.0,1.494903e-13
72.878,50.539,67.0,2.080242e-13
72.878,50.539,68.0,2.403217e-13
72.878,50.539,69.0,1.649066e-13
72.878,50.539,70.0,1.831571e-13
72.878,50.539,71.0,1.557957e-13
72.878,50.539,72.0,1.491576e-13
72.878,50.539,73.0,1.955213e-13
72.878,50.539,74.0,2.3805e-13
72.878,50.539,75.0,2.078806e-13
72.878,50.539,76.0,1.905086e-13
72.878,50.539,77.0,2.017165e-13
72.878,50.539,78.0,1.403842e-13
72.878,50.539,79.0,2.315579e-13
72.878,50.539,80.0,1.865588e-13
72.878,50.539,81.0,1.849142e-13
72.878,50.539,82.0,1.593984e-13
72.878,50.539,83.0,1.914302e-13
72.878,50.539,84.0,2.534782e-13
72.878,50.539,85.0,1.9386e-13
72.878,50.539,86.0,2.08886e-13
72.878,50.539,87.0,2.066861e-13
72.878,50.539,88.0,1.592668e-13
72.878,50.539,89.0,1.814647e-13
72.878,50.539,90.0,1.417511e-13
72.878,50.539,91.0,1.63116e-13
72.878,50.539,92.0,1.943938e-13
72.878,50.539,93.0,1.883422e-13
72.878,50.539,94.0,2.171519e-13
72.878,50.539,95.0,1.700342e-13
72.878,50.539,96.0,2.571743e-13
72.878,50.539,97.0,1.432544e-13
72.878,50.539,98.0,1.931777e-13
72.878,50.539,99.0,2.245416e-13
78.08,53.221,0.0,3.758519e-09
78.08,53.221,1.0,5.991051e-09
78.08,53.221,2.0,2.383792e-09
78.08,53.221,3.0,4.210162e-09
78.08,53.221,4.0,2.754984e-07
78.08,53.221,5.0,4.308566e-10
78.08,53.221,6.0,6.295366e-12
78.08,53.221,7.0,9.012246e-13
78.08,53.221,8.0,2.723704e-12
78.08,53.221,9.0,4.379466e-13
78.08,53.221,10.0,3.508974e-13
78.08,53.221,11.0,3.718985e-13
78.08,53.221,12.0,8.743037e-13
78.08,53.221,13.0,1.506705e-12
78.08,53.221,14.0,7.124092e-11
78.08,53.221,15.0,4.329147e-12
78.08,53.221,16.0,9.110309e-11
78.08,53.221,17.0,1.132562e-09
78.08,53.221,18.0,4.938173e-09
78.08,53.221,19.0,1.300415e-11
78.08,53.221,20.0,1.133689e-11
78.08,53.221,21.0,4.571284e-13
78.08,53.221,22.0,3.576433e-13
78.08,53.221,23.0,4.023241e-13
78.08,53.221,24.0,3.434287e-13
78.08,53.221,25.0,5.854363e-13
78.08,53.221,26.0,2.172716e-12
78.08,53.221,27.0,1.996584e-11
78.08,53.221,28.0,1.450319e-09
78.08,53.221,29.0,1.336503e-11
78.08,53.221,30.0,2.527768e-12
78.08,53.221,31.0,6.782607e-12
78.08,53.221,32.0,4.169605e-10
78.08,53.221,33.0,1.028649e-12
78.08,53.221,34.0,1.939102e-12
78.08,53.221,35.0,2.749365e-12
78.08,53.221,36.0,1.012388e-11
78.08,53.221,37.0,1.032847e-12
78.08,53.221,38.0,3.010723e-12
78.08,53.221,39.0,7.394369e-13
78.08,53.221,40.0,1.774126e-11
78.08,53.221,41.0,3.156986e-13
78.08,53.221,42.0,1.85472e-13
78.08,53.221,43.0,2.457605e-13
78.08,53.221,44.0,3.447764e-12
78.08,53.221,45.0,2.229282e-13
78.08,53.221,46.0,2.52772e-13
78.08,53.221,47.0,1.967254e-13
78.08,53.221,48.0,5.016535e-13
78.08,53.221,49.0,2.326735e-13
78.08,53.221,50.0,2.031959e-13
78.08,53.221,51.0,1.650862e-13
78.08,53.221,52.0,1.61639e-13
78.08,53.221,53.0,2.103702e-13
78.08,53.221,54.0,2.037441e-13
78.08,53.221,55.0,2.109686e-13
78.08,53.221,56.0,1.987266e-13
78.08,53.221,57.0,1.355966e-13
78.08,53.221,58.0,1.957343e-13
78.08,53.221,59.0,1.993993e-13
78.08,53.221,60.0,1.987674e-13
78.08,53.221,61.0,1.509338e-13
78.08,53.221,62.0,2.083402e-13
78.08,53.221,63.0,3.086655e-13
78.08,53.221,64.0,5.632878e-13
78.08,53.221,65.0,1.664506e-13
78.08,53.221,66.0,1.867718e-13
78.08,53.221,67.0,1.720139e-13
78.08,53.221,68.0,1.692705e-13
78.08,53.221,69.0,1.722317e-13
78.08,53.221,70.0,2.292024e-13
78.08,53.221,71.0,1.972065e-13
78.08,53.221,72.0,2.267775e-13
78.08,53.221,73.0,1.978169e-13
78.08,53.221,74.0,1.903913e-13
78.08,53.221,75.0,1.734646e-13
78.08,53.221,76.0,2.019439e-13
78.08,53.221,77.0,1.804473e-13
78.08,53.221,78.0,1.758129e-13
78.08,53.221,79.0,2.076412e-13
78.08,53.221,80.0,2.242927e-13
78.08,53.221,81.0,1.584552e-13
78.08,53.221,82.0,2.077442e-13
78.08,53.221,83.0,1.906067e-13
78.08,53.221,84.0,2.563796e-13
78.08,53.221,85.0,2.150334e-13
78.08,53.221,86.0,1.504958e-13
78.08,53.221,87.0,1.903865e-13
78.08,53.221,88.0,2.075263e-13
78.08,53.221,89.0,2.195912e-13
78.08,53.221,90.0,1.859316e-13
78.08,53.221,91.0,1.782905e-13
78.08,53.221,92.0,2.155337e-13
78.08,53.221,93.0,1.893117e-13
78.08,53.221,94.0,1.592117e-13
78.08,53.221,95.0,1.627474e-13
78.08,53.221,96.0,1.690575e-13
78.08,53.221,97.0,2.319386e-13
78.08,53.221,98.0,1.761767e-13
78.08,53.221,99.0,1.782067e-13
83.286,55.994,0.0,3.760698e-09
83.286,55.994,1.0,5.967375e-09
83.286,55.994,2.0,2.394037e-09
83.286,55.994,3.0,4.247219e-09
83.286,55.994,4.0,2.751418e-07
83.286,55.994,5.0,4.29193e-10
83.286,55.994,6.0,6.523906e-12
83.286,55.994,7.0,7.714052e-13
83.286,55.994,8.0,2.158544e-12
83.286,55.994,9.0,4.087433e-13
83.286,55.994,10.0,3.530471e-13
83.286,55.994,11.0,4.264337e-13
83.286,55.994,12.0,4.868023e-13
83.286,55.994,13.0,1.911334e-12
83.286,55.994,14.0,6.972874e-11
83.286,55.994,15.0,4.196315e-12
83.286,55.994,16.0,9.616843e-11
83.286,55.994,17.0,1.163251e-09
83.286,55.994,18.0,5.039959e-09
83.286,55.994,19.0,1.175906e-11
83.286,55.994,20.0,1.130224e-11
83.286,55.994,21.0,4.755704e-13
83.286,55.994,22.0,3.82709e-13
83.286,55.994,23.0,4.872289e-13
83.286,55.994,24.0,3.358139e-13
83.286,55.994,25.0,5.076482e-13
83.286,55.994,26.0,1.960072e-12
83.286,55.994,27.0,2.205063e-11
83.286,55.994,28.0,1.458314e-09
83.286,55.994,29.0,1.102913e-11
83.286,55.994,30.0,2.42165e-12
83.286,55.994,31.0,7.177277e-12
83.286,55.994,32.0,4.104684e-10
83.286,55.994,33.0,7.9781e-13
83.286,55.994,34.0,1.929623e-12
83.286,55.994,35.0,2.446953e-12
83.286,55.994,36.0,9.987735e-12
83.286,55.994,37.0,1.076952e-12
83.286,55.994,38.0,2.696054e-12
83.286,55.994,39.0,4.601054e-13
83.286,55.994,40.0,1.865475e-11
83.286,55.994,41.0,2.111027e-13
83.286,55.994,42.0,1.941304e-13
83.286,55.994,43.0,3.547539e-13
83.286,55.994,44.0,3.134077e-12
83.286,55.994,45.0,2.327094e-13
83.286,55.994,46.0,2.059177e-13
83.286,55.994,47.0,1.68167e-13
83.286,55.994,48.0,6.582781e-13
83.286,55.994,49.0,1.816562e-13
83.286,55.994,50.0,2.229665e-13
83.286,55.994,51.0,1.847012e-13
83.286,55.994,52.0,1.725668e-13
83.286,55.994,53.0,2.677622e-13
83.286,55.994,54.0,2.359961e-13
83.286,55.994,55.0,1.796741e-13
83.286,55.994,56.0,2.365227e-13
83.286,55.994,57.0,1.88888e-13
83.286,55.994,58.0,2.137191e-13
83.286,55.994,59.0,2.088214e-13
83.286,55.994,60.0,2.066669e-13
83.286,55.994,61.0,1.54673e-13
83.286,55.994,62.0,1.862117e-13
83.286,55.994,63.0,2.623019e-13
83.286,55.994,64.0,5.178834e-13
83.286,55.994,65.0,2.07038e-13
83.286,55.994,66.0,1.606887e-13
83.286,55.994,67.0,1.80409e-13
83.286,55.994,68.0,1.707164e-13
83.286,55.994,69.0,2.055538e-13
83.286,55.994,70.0,1.780487e-13
83.286,55.994,71.0,1.43671e-13
83.286,55.994,72.0,2.083019e-13
83.286,55.994,73.0,1.957822e-13
83.286,55.994,74.0,1.780607e-13
83.286,55.994,75.0,1.62575e-13
83.286,55.994,76.0,1.856132e-13
83.286,55.994,77.0,1.899628e-13
83.286,55.994,78.0,1.677194e-13
83.286,55.994,79.0,1.633147e-13
83.286,55.994,80.0,2.501221e-13
83.286,55.994,81.0,1.920478e-13
83.286,55.994,82.0,1.695315e-13
83.286,55.994,83.0,1.876767e-13
83.286,55.994,84.0,1.491385e-13
83.286,55.994,85.0,1.554127e-13
83.286,55.994,86.0,1.805623e-13
83.286,55.994,87.0,2.070978e-13
83.286,55.994,88.0,1.607844e-13
83.286,55.994,89.0,1.790374e-13
83.286,55.994,90.0,1.805072e-13
83.286,55.994,91.0,2.192058e-13
83.286,55.994,92.0,2.128454e-13
83.286,55.994,93.0,1.614451e-13
83.286,55.994,94.0,2.249558e-13
83.286,55.994,95.0,1.477237e-13
83.286,55.994,96.0,1.473048e-13
83.286,55.994,97.0,2.250587e-13
83.286,55.994,98.0,1.731845e-13
83.286,55.994,99.0,1.9414e-13
88.496,58.798,0.0,3.763905e-09
88.496,58.798,1.0,5.989518e-09
88.496,58.798,2.0,2.396598e-09
88.496,58.798,3.0,4.215094e-09
88.496,58.798,4.0,2.752806e-07
88.496,58.798,5.0,4.334852e-10
88.496,58.798,6.0,6.309537e-12
88.496,58.798,7.0,6.772462e-13
88.496,58.798,8.0,2.063989e-12
88.496,58.798,9.0,5.039756e-13
88.496,58.798,10.0,3.736507e-13
88.496,58.798,11.0,4.323163e-13
88.496,58.798,12.0,6.159496e-13
88.496,58.798,13.0,1.379929e-12
88.496,58.798,14.0,7.055915e-11
88.496,58.798,15.0,4.575927e-12
88.496,58.798,16.0,9.564658e-11
88.496,58.798,17.0,1.180917e-09
88.496,58.798,18.0,5.103516e-09
88.496,58.798,19.0,1.035925e-11
88.496,58.798,20.0,9.669057e-12
88.496,58.798,21.0,4.635055e-13
88.496,58.798,22.0,3.671252e-13
88.496,58.798,23.0,2.974098e-13
88.496,58.798,24.0,3.038731e-13
88.496,58.798,25.0,3.911773e-13
88.496,58.798,26.0,2.042228e-12
88.496,58.798,27.0,2.117783e-11
88.496,58.798,28.0,1.44443e-09
88.496,58.798,29.0,1.343358e-11
88.496,58.798,30.0,2.377005e-12
88.496,58.798,31.0,6.190157e-12
88.496,58.798,32.0,4.164626e-10
88.496,58.798,33.0,1.014923e-12
88.496,58.798,34.0,2.132619e-12
88.496,58.798,35.0,2.911738e-12
88.496,58.798,36.0,1.03248e-11
88.496,58.798,37.0,1.06516e-12
88.496,58.798,38.0,2.895006e-12
88.496,58.798,39.0,6.43587e-13
88.496,58.798,40.0,1.713322e-11
88.496,58.798,41.0,2.737061e-13
88.496,58.798,42.0,2.29844e-13
88.496,58.798,43.0,3.406949e-13
88.496,58.798,44.0,4.167373e-12
88.496,58.798,45.0,2.734428e-13
88.496,58.798,46.0,2.039236e-13
88.496,58.798,47.0,1.706446e-13
88.496,58.798,48.0,3.31663e-13
88.496,58.798,49.0,2.310792e-13
88.496,58.798,50.0,1.664387e-13
88.496,58.798,51.0,1.999594e-13
88.496,58.798,52.0,2.047471e-13
88.496,58.798,53.0,2.514338e-13
88.496,58.798,54.0,1.629844e-13
88.496,58.798,55.0,2.369656e-13
88.496,58.798,56.0,1.679994e-13
88.496,58.798,57.0,2.00656e-13
88.496,58.798,58.0,1.965267e-13
88.496,58.798,59.0,2.425049e-13
88.496,58.798,60.0,2.41691e-13
88.496,58.798,61.0,1.504742e-13
88.496,58.798,62.0,2.189808e-13
88.496,58.798,63.0,2.153278e-13
88.496,58.798,64.0,5.11459e-13
88.496,58.798,65.0,1.844354e-13
88.496,58.798,66.0,2.09269e-13
88.496,58.798,67.0,1.679468e-13
88.496,58.798,68.0,1.538711e-13
88.496,58.798,69.0,1.804976e-13
88.496,58.798,70.0,1.764329e-13
88.496,58.798,71.0,1.761552e-13
88.496,58.798,72.0,1.754634e-13
88.496,58.798,73.0,1.581799e-13
88.496,58.798,74.0,1.416913e-13
88.496,58.798,75.0,1.530595e-13
88.496,58.798,76.0,1.828172e-13
88.496,58.798,77.0,2.030355e-13
88.496,58.798,78.0,2.318499e-13
88.496,58.798,79.0,2.043569e-13
88.496,58.798,80.0,1.875043e-13
88.496,58.798,81.0,2.099919e-13
88.496,58.798,82.0,1.885145e-13
88.496,58.798,83.0,1.964836e-13
88.496,58.798,84.0,2.887704e-13
88.496,58.798,85.0,1.884427e-13
88.496,58.798,86.0,1.777399e-13
88.496,58.798,87.0,2.041462e-13
88.496,58.798,88.0,1.912938e-13
88.496,58.798,89.0,2.271892e-13
88.496,58.798,90.0,1.378755e-13
88.496,58.798,91.0,1.955883e-13
88.496,58.798,92.0,1.624888e-13
88.496,58.798,93.0,2.048667e-13
88.496,58.798,94.0,1.856922e-13
88.496,58.798,95.0,2.711566e-13
88.496,58.798,96.0,1.923255e-13
88.496,58.798,97.0,2.087902e-13
88.496,58.798,98.0,1.69881e-13
88.496,58.798,99.0,1.650335e-13
93.696,61.546,0.0,3.772355e-09
93.696,61.546,1.0,5.976568e-09
93.696,61.546,2.0,2.374982e-09
93.696,61.546,3.0,4.230174e-09
93.696,61.546,4.0,2.751777e-07
93.696,61.546,5.0,4.380692e-10
93.696,61.546,6.0,6.051077e-12
93.696,61.546,7.0,8.906499e-13
93.696,61.546,8.0,2.360009e-12
93.696,61.546,9.0,4.318926e-13
93.696,61.546,10.0,4.075904e-13
93.696,61.546,11.0,3.99188e-13
93.696,61.546,12.0,7.877841e-13
93.696,61.546,13.0,1.58247e-12
93.696,61.546,14.0,6.802026e-11
93.696,61.546,15.0,4.095055e-12
93.696,61.546,16.0,9.675493e-11
93.696,61.546,17.0,1.202126e-09
93.696,61.546,18.0,5.252077e-09
93.696,61.546,19.0,1.223933e-11
93.696,61.546,20.0,1.101724e-11
93.696,61.546,21.0,4.910441e-13
93.696,61.546,22.0,3.69136e-13
93.696,61.546,23.0,3.043064e-13
93.696,61.546,24.0,4.877861e-13
93.696,61.546,25.0,7.431592e-13
93.696,61.546,26.0,2.166564e-12
93.696,61.546,27.0,2.110099e-11
93.696,61.546,28.0,1.451085e-09
93.696,61.546,29.0,9.839858e-12
93.696,61.546,30.0,2.259971e-12
93.696,61.546,31.0,6.424418e-12
93.696,61.546,32.0,4.168911e-10
93.696,61.546,33.0,1.038627e-12
93.696,61.546,34.0,2.024467e-12
93.696,61.546,35.0,3.020921e-12
93.696,61.546,36.0,9.613665e-12
93.696,61.546,37.0,1.574399e-12
93.696,61.546,38.0,3.00323e-12
93.696,61.546,39.0,5.687223e-13
93.696,61.546,40.0,1.942603e-11
93.696,61.546,41.0,2.068944e-13
93.696,61.546,42.0,1.724998e-13
93.696,61.546,43.0,3.517928e-13
93.696,61.546,44.0,3.662515e-12
93.696,61.546,45.0,2.304353e-13
93.696,61.546,46.0,2.197971e-13
93.696,61.546,47.0,1.604254e-13
93.696,61.546,48.0,4.568491e-13
93.696,61.546,49.0,1.825084e-13
93.696,61.546,50.0,2.043354e-13
93.696,61.546,51.0,2.216475e-13
93.696,61.546,52.0,1.777303e-13
93.696,61.546,53.0,1.941784e-13
93.696,61.546,54.0,1.948055e-13
93.696,61.546,55.0,1.93465e-13
93.696,61.546,56.0,1.767848e-13
93.696,61.546,57.0,1.908844e-13
93.696,61.546,58.0,2.047399e-13
93.696,61.546,59.0,1.709438e-13
93.696,61.546,60.0,2.143463e-13
93.696,61.546,61.0,1.675637e-13
93.696,61.546,62.0,1.771032e-13
93.696,61.546,63.0,2.224088e-13
93.696,61.546,64.0,9.906721e-13
93.696,61.546,65.0,2.215948e-13
93.696,61.546,66.0,2.492412e-13
93.696,61.546,67.0,1.801625e-13
93.696,61.546,68.0,1.955117e-13
93.696,61.546,69.0,2.477427e-13
93.696,61.546,70.0,2.083402e-13
93.696,61.546,71.0,2.27115e-13
93.696,61.546,72.0,2.06789e-13
93.696,61.546,73.0,1.478673e-13
93.696,61.546,74.0,2.072247e-13
93.696,61.546,75.0,2.053886e-13
93.696,61.546,76.0,1.755711e-13
93.696,61.546,77.0,1.473359e-13
93.696,61.546,78.0,1.718798e-13
93.696,61.546,79.0,1.882129e-13
93.696,61.546,80.0,1.578927e-13
93.696,61.546,81.0,1.825204e-13
93.696,61.546,82.0,1.610262e-13
93.696,61.546,83.0,1.87916e-13
93.696,61.546,84.0,1.541966e-13
93.696,61.546,85.0,1.926989e-13
93.696,61.546,86.0,1.763467e-13
93.696,61.546,87.0,1.910783e-13
93.696,61.546,88.0,2.107436e-13
93.696,61.546,89.0,1.714274e-13
93.696,61.546,90.0,1.808566e-13
93.696,61.546,91.0,1.871118e-13
93.696,61.546,92.0,2.275722e-13
93.696,61.546,93.0,2.315292e-13
93.696,61.546,94.0,1.879448e-13
93.696,61.546,95.0,1.583643e-13
93.696,61.546,96.0,1.750612e-13
93.696,61.546,97.0,1.614643e-13
93.696,61.546,98.0,2.388112e-13
93.696,61.546,99.0,2.021881e-13
98.917,64.409,0.0,3.75974e-09
98.917,64.409,1.0,6.009722e-09
98.917,64.409,2.0,2.376347e-09
98.917,64.409,3.0,4.209684e-09
98.917,64.409,4.0,2.751322e-07
98.917,64.409,5.0,4.369754e-10
98.917,64.409,6.0,6.392029e-12
98.917,64.409,7.0,8.070779e-13
98.917,64.409,8.0,2.004071e-12
98.917,64.409,9.0,4.452477e-13
98.917,64.409,10.0,4.087372e-13
98.917,64.409,11.0,3.413628e-13
98.917,64.409,12.0,6.873046e-13
98.917,64.409,13.0,1.563774e-12
98.917,64.409,14.0,6.721209e-11
98.917,64.409,15.0,4.814592e-12
98.917,64.409,16.0,9.844017e-11
98.917,64.409,17.0,1.251822e-09
98.917,64.409,18.0,5.400039e-09
98.917,64.409,19.0,1.189343e-11
98.917,64.409,20.0,1.079192e-11
98.917,64.409,21.0,4.117629e-13
98.917,64.409,22.0,3.28204e-13
98.917,64.409,23.0,4.331877e-13
98.917,64.409,24.0,2.679178e-13
98.917,64.409,25.0,5.107714e-13
98.917,64.409,26.0,1.855558e-12
98.917,64.409,27.0,2.03601e-11
98.917,64.409,28.0,1.449936e-09
98.917,64.409,29.0,1.30807e-11
98.917,64.409,30.0,2.022766e-12
98.917,64.409,31.0,7.311159e-12
98.917,64.409,32.0,4.122208e-10
98.917,64.409,33.0,8.379733e-13
98.917,64.409,34.0,2.050822e-12
98.917,64.409,35.0,2.659261e-12
98.917,64.409,36.0,9.439168e-12
98.917,64.409,37.0,1.263277e-12
98.917,64.409,38.0,3.114209e-12
98.917,64.409,39.0,4.722292e-13
98.917,64.409,40.0,1.871698e-11
98.917,64.409,41.0,2.313378e-13
98.917,64.409,42.0,1.669653e-13
98.917,64.409,43.0,2.570618e-13
98.917,64.409,44.0,3.317636e-12
98.917,64.409,45.0,2.655288e-13
98.917,64.409,46.0,2.294993e-13
98.917,64.409,47.0,2.179179e-13
98.917,64.409,48.0,3.491835e-13
98.917,64.409,49.0,1.971586e-13
98.917,64.409,50.0,1.890531e-13
98.917,64.409,51.0,1.867287e-13
98.917,64.409,52.0,2.295759e-13
98.917,64.409,53.0,2.223202e-13
98.917,64.409,54.0,1.52114e-13
98.917,64.409,55.0,2.057669e-13
98.917,64.409,56.0,2.188252e-13
98.917,64.409,57.0,1.531888e-13
98.917,64.409,58.0,1.501056e-13
98.917,64.409,59.0,2.381099e-13
98.917,64.409,60.0,2.032821e-13
98.917,64.409,61.0,1.629412e-13
98.917,64.409,62.0,2.478216e-13
98.917,64.409,63.0,2.201394e-13
98.917,64.409,64.0,5.552345e-13
98.917,64.409,65.0,2.069422e-13
98.917,64.409,66.0,2.401254e-13
98.917,64.409,67.0,1.74312e-13
98.917,64.409,68.0,2.580816e-13
98.917,64.409,69.0,2.092642e-13
98.917,64.409,70.0,2.006799e-13
98.917,64.409,71.0,1.546801e-13
98.917,64.409,72.0,2.611601e-13
98.917,64.409,73.0,1.320848e-13
98.917,64.409,74.0,1.9076e-13
98.917,64.409,75.0,1.898407e-13
98.917,64.409,76.0,1.618569e-13
98.917,64.409,77.0,2.222915e-13
98.917,64.409,78.0,1.731294e-13
98.917,64.409,79.0,1.871333e-13
98.917,64.409,80.0,1.815653e-13
98.917,64.409,81.0,1.804114e-13
98.917,64.409,82.0,1.890268e-13
98.917,64.409,83.0,1.547807e-13
98.917,64.409,84.0,1.990665e-13
98.917,64.409,85.0,1.409252e-13
98.917,64.409,86.0,1.644255e-13
98.917,64.409,87.0,2.232466e-13
98.917,64.409,88.0,1.773593e-13
98.917,64.409,89.0,1.857114e-13
98.917,64.409,90.0,3.051708e-13
98.917,64.409,91.0,2.187175e-13
98.917,64.409,92.0,1.92821e-13
98.917,64.409,93.0,1.413681e-13
98.917,64.409,94.0,2.584669e-13
98.917,64.409,95.0,2.357807e-13
98.917,64.409,96.0,1.571625e-13
98.917,64.409,97.0,1.30457e-13
98.917,64.409,98.0,2.017237e-13
98.917,64.409,99.0,2.122661e-13
104.121,67.231,0.0,3.770895e-09
104.121,67.231,1.0,5.999046e-09
104.121,67.231,2.0,2.37223e-09
104.121,67.231,3.0,4.202502e-09
104.121,67.231,4.0,2.7518e-07
104.121,67.231,5.0,4.297555e-10
104.121,67.231,6.0,6.120593e-12
104.121,67.231,7.0,7.911714e-13
104.121,67.231,8.0,1.994376e-12
104.121,67.231,9.0,4.185844e-13
104.121,67.231,10.0,3.930336e-13
104.121,67.231,11.0,5.16579e-13
104.121,67.231,12.0,7.098771e-13
104.121,67.231,13.0,1.972496e-12
104.121,67.231,14.0,6.776628e-11
104.121,67.231,15.0,4.622847e-12
104.121,67.231,16.0,1.002236e-10
104.121,67.231,17.0,1.298358e-09
104.121,67.231,18.0,5.568563e-09
104.121,67.231,19.0,9.415096e-12
104.121,67.231,20.0,1.102544e-11
104.121,67.231,21.0,5.519096e-13
104.121,67.231,22.0,2.939435e-13
104.121,67.231,23.0,4.267076e-13
104.121,67.231,24.0,2.634605e-13
104.121,67.231,25.0,4.561148e-13
104.121,67.231,26.0,1.865324e-12
104.121,67.231,27.0,2.112302e-11
104.121,67.231,28.0,1.45616e-09
104.121,67.231,29.0,1.182318e-11
104.121,67.231,30.0,2.130656e-12
104.121,67.231,31.0,6.921663e-12
104.121,67.231,32.0,4.092141e-10
104.121,67.231,33.0,8.587573e-13
104.121,67.231,34.0,2.222532e-12
104.121,67.231,35.0,3.171541e-12
104.121,67.231,36.0,8.22828e-12
104.121,67.231,37.0,1.031952e-12
104.121,67.231,38.0,3.761666e-12
104.121,67.231,39.0,6.807031e-13
104.121,67.231,40.0,1.859753e-11
104.121,67.231,41.0,2.984223e-13
104.121,67.231,42.0,1.847299e-13
104.121,67.231,43.0,3.194641e-13
104.121,67.231,44.0,3.892728e-12
104.121,67.231,45.0,3.033321e-13
104.121,67.231,46.0,2.17092e-13
104.121,67.231,47.0,1.602506e-13
104.121,67.231,48.0,4.256041e-13
104.121,67.231,49.0,1.505724e-13
104.121,67.231,50.0,2.293101e-13
104.121,67.231,51.0,1.765789e-13
104.121,67.231,52.0,1.917414e-13
104.121,67.231,53.0,1.319245e-13
104.121,67.231,54.0,2.263657e-13
104.121,67.231,55.0,2.13451e-13
104.121,67.231,56.0,1.638988e-13
104.121,67.231,57.0,1.651628e-13
104.121,67.231,58.0,1.871381e-13
104.121,67.231,59.0,1.770481e-13
104.121,67.231,60.0,1.859507e-13
104.121,67.231,61.0,1.551996e-13
104.121,67.231,62.0,2.162255e-13
104.121,67.231,63.0,1.861614e-13
104.121,67.231,64.0,5.233173e-13
104.121,67.231,65.0,1.750923e-13
104.121,67.231,66.0,2.118783e-13
104.121,67.231,67.0,2.533873e-13
104.121,67.231,68.0,1.804162e-13
104.121,67.231,69.0,2.191555e-13
104.121,67.231,70.0,2.304831e-13
104.121,67.231,71.0,1.760379e-13
104.121,67.231,72.0,1.79327e-13
104.121,67.231,73.0,3.311987e-13
104.121,67.231,74.0,1.879089e-13
104.121,67.231,75.0,1.552236e-13
104.121,67.231,76.0,1.546131e-13
104.121,67.231,77.0,1.840452e-13
104.121,67.231,78.0,1.655506e-13
104.121,67.231,79.0,2.087495e-13
104.121,67.231,80.0,1.86226e-13
104.121,67.231,81.0,1.836335e-13
104.121,67.231,82.0,1.421988e-13
104.121,67.231,83.0,1.712909e-13
104.121,67.231,84.0,1.877605e-13
104.121,67.231,85.0,1.757818e-13
104.121,67.231,86.0,1.750397e-13
104.121,67.231,87.0,1.600711e-13
104.121,67.231,88.0,1.796837e-13
104.121,67.231,89.0,2.225596e-13
104.121,67.231,90.0,2.097598e-13
104.121,67.231,91.0,1.563008e-13
104.121,67.231,92.0,1.681526e-13
104.121,67.231,93.0,1.707141e-13
104.121,67.231,94.0,1.654141e-13
104.121,67.231,95.0,1.495406e-13
104.121,67.231,96.0,2.146647e-13
104.121,67.231,97.0,1.749511e-13
104.121,67.231,98.0,1.806699e-13
104.121,67.231,99.0,2.206637e-13
